"APA","m","se"
"Yoked",26.8822875816993,2.15433325951617
"Same",185.865277777778,27.0744183369708
"Conflict",146.742962962963,21.8444116758574
