"APA","m","se"
"Yoked",17.6928104575163,0.57138214717838
"Same",7.29166666666667,1.12421725508005
"Conflict",9.25925925925926,1.17966015426522
